# Format information:																																																																																																																																																																																																																																																																																																																																																																																																																																																																																																																																																																																																																																																																																																																																																																																																																																																																																																																																																																																																																																															
# Name -  Full name 																																																																																																																																																																																																																																																																																																																																																																																																																																																																																																																																																																																																																																																																																																																																																																																																																																																																																																																																																																																																																																															
# Shortname - Short name, e.g. appropriate for a graphic																																																																																																																																																																																																																																																																																																																																																																																																																																																																																																																																																																																																																																																																																																																																																																																																																																																																																																																																																																																																																																															
# Description -  Description of this signature, cell type & species																																																																																																																																																																																																																																																																																																																																																																																																																																																																																																																																																																																																																																																																																																																																																																																																																																																																																																																																																																																																																																															
# Citation - Abbreviated but human readable (e.g. not a DOI URL)																																																																																																																																																																																																																																																																																																																																																																																																																																																																																																																																																																																																																																																																																																																																																																																																																																																																																																																																																																																																																																															
NAME	SHORTNAME	DESCRIPTION	CITATION																																																																																																																																																																																																																																																																																																																																																																																																																																																																																																																																																																																																																																																																																																																																																																																																																																																																																																																																																																																																																																												
Zilionis mMoM0DC	mMoM0DC	"Mus M0 Macrophages, Fig 2B"	"Zilionis et al, Immunity 2019"	Fscn1	Fn1	Ear1	Chil3	Lpl	Ace	Ccl22	C1qa	C1qb	Fabp5	Ear2	Cxcl16	Apoe	C1qc	Tmem176b	Clec4a1	S100a4	Ccl17	Axl	Cst3	Lyz1	Serpinb10	Lyz2	Plet1	F13a1	Klf4	Cd36	Tppp3	Clec4a3	Gsto1	Csf1r	Mrc1	Dab2	Cacnb3	Mmp12	Apoc2	Gm14328	Tbc1d9	Anxa5	Rras	Tmem176a	Gpnmb	Ifitm3	Anxa4	Cd300e	Abhd12	Prdx1	Hebp1	Mafb	Tmem51	Crip1	Ctss	Mt1	Lamp1	Sh3pxd2b	Atp6v0d2	Mnda	Mgl2	F7	Ctsk	Ifi205	Fabp4	Ear10	Lima1	Saa3	Ifi30	Mt2	Eno3	Atox1	Lsr	Dbi	Hfe	Smpdl3a	Vim	Zmynd15	Anxa3	Dpep2	Arg1	Ctsc	Nav1	Shtn1	Idh1	Tmem106a	Adgre4	Ms4a6d	Stom	Ccdc109b	Aif1	Adrbk2	Pros1	Mgat4b	Lipa	Flrt3	Naaa	Gyg	Myo1g	Scarb1	Pnp	Sdc3	Myof	Gngt2	Tubb6	Vcan	Plod3	Slc12a2	Cd302	Dapk1	Dhrs3	Hsd3b7	Adap1	Htra2	Lgmn	Fcgr1	Batf3	Camkk2	Krt79	Pparg	Cttnbp2nl	Socs2	Atpif1	Plekhb2	Plin2	Plxnb2	Celf4	Amz1	Tnfrsf21	Vwa5a	Smpdl3b	Flt1	Fam46a	Treml4	Cyp4f16	Dstn	Bcl2a1b	Fcgrt	Rnh1	Bcl2a1d	Mfge8	Parl	Ctsd	Gatm	Sowahc	Map3k14	Lrp1	Bag3	Hexa	Ifitm6	Slamf8	Ehd4	Spp1	Spint1	Snx1	Tmem150c	Sh3bgrl	Aprt	Zfyve9	Rasa4	Krt19	Fcgr2b	Il18	Tep1	Anpep	Mfsd7c	Abi3	Ceacam1	Olfm1	Lilra5	Ap2a2	Pid1	Msr1	Plxnd1	Pla2g15	E2f1	Acer3	Lgals3	Etv3	Cidec	Glud1	Ctsa	Marco	Ank2	Hpgd	Dusp3	Ddhd1	Lrp12	Tsen34	Abcc5	Chil4	Gm10116	Ftl1	Nostrin	Dnase1l1	Cx3cr1	Avpi1	Adam9	Got1	Ceacam15	Abcg1	Ifi204	Gm13998																																																																																																																																																																																																																																																																																																																																																																																																																																																																																																																																																																																																																																																																																																																																																																																																																																				
Zilionis hpDC	hpDC	"Mus Dendritic cells, Fig 2B"	"Zilionis et al, Immunity 2019"	Cox6a2	Siglech	Ccr9	Bst2	D13Ertd608e	Gm21762	Klk1	Smim5	Tmem229b	Ctsl	Ccnd1	Dntt	Pacsin1	Klk1b27	Atp2a1	Rnase6	Lair1	Serpinh1	Tubb2b	Havcr1	Lag3	Tcf4	Hivep3	Gpm6b	Fdps	Upb1	Pltp	Msmo1	Mycl	Hmgcs1	Ppfia4	Cyp4x1	Epha2	Lefty1	Slamf9	Clec9a	Ptprf	Nol6	Tubgcp5	Tex2	Rnd3	Cd300c	Rell1	Irf8	Serinc5	Dcaf8	Grn	Flt3	Cyp51	AF067061	Nucb2	Eid1	Atp1b1	Slco4a1	Ptprs	Paqr5	Cdip1	Tsc22d1	Npc1	Khk	Cd209d	Scd2	P2ry14	Rnf122	Slc7a5	Gna11	Plekhm3	Dap	Dnajc7	Dirc2	Stat2	Lrp8	Pgls	Ppif	Pld4	Kmo	Hpse	Fmnl2	Chdh	Eps15	Vimp	Pdcd2l	Dll4	Bmyc	Golim4	Pafah1b3	Slc44a2	Rexo2	Klra17	Cyth4	Rab33b	Ccdc23	Dhcr24	Mvb12a	Mpeg1	Vma21	Man2a2	Pmepa1	Als2	Tmem106c	Mvk	Orc6	Sqle	Clec10a	Gatad1	Rpn2	Dcaf7	Gbp6	Rftn1	Pcnx	Manf	Adpgk	Trappc5	Ergic1	Tmem258	Kctd9	Cnot8	Dctpp1	Cxxc5	Ivns1abp	Lifr	Uvrag	Slc41a2	Man1c1	Tmed2	Fgfr1	Plbd2	Krtcap2	Hist3h2a	Ap3m1	Gas7	Igsf8	Apba1	Rps6ka1	Cpne3	Ssr1	Coro2a	Nmt1	Abhd17a	Fam3c	Tspan13	Tubb2a	Bcr	Nfx1	Tmed3	Ung	Idi1	Cops4	Rpgrip1	St8sia4	Pex11b	Sil1	Endod1	Plac8	Zmiz2	Map1lc3a	Tagln2	Cyfip1	Stt3a	Maged1	Cd209a	Fam174a	Ramp1	Cd180	Sec24d	Ubr5	Cops3	Ly6a	Odf2l	Kynu	Peli2	Kat5	Dnajc19	Ccdc97	Zdhhc14	Soga1	Amfr	Zfyve21	Hnrnpul1	Chic2	Ext2	Rai1	Ctsh	Gm20203	Slc38a1	Gm10053	Sla2	Ergic3	Myo18a	Atg5	Sec11c	Cnpy2	Dhcr7	Stard4	Eepd1	Magt1	Insig1	Snrnp27	Ogfr	Mtdh																																																																																																																																																																																																																																																																																																																																																																																																																																																																																																																																																																																																																																																																																																																																																																																																																																				
Zilionis mNeutrophils	mNeutrophils	"Mus Neutrophils, Fig 2B"	"Zilionis et al, Immunity 2019"	Retnlg	S100a9	S100a8	Mmp9	Lcn2	Cxcl2	Emc7	Il1r2	G0s2	Clec4d	Csf3r	Il1b	Mmp8	Stfa2l1	Slc40a1	Arg2	Retnlb	Slfn4	Lmnb1	Trem1	Ets2	Thbs1	Slpi	Letm1	Slc16a3	Nudt4	Gm5483	Chil1	Asprv1	Il1rn	Tnfaip2	Lrg1	S100a11	Cd300lf	Hp	C5ar1	Spc24	Il1f9	Adipor1	Cd300ld	Ccrl2	Cd101	Fpr2	Pglyrp1	Ankrd33b	Mcl1	Wfdc21	Pygl	Fbxl5	Fosl2	Cd33	Trem3	Gda	Dhrs9	Pbx1	Cdc27	Gsr	Stfa2	Msrb1	Cd300lb	Dhrs7	Ngp	Cpd	Trim30b	Rdh12	Ndel1	2810474O19Rik	Arrdc3	Jdp2	Pla2g7	Crispld2	Chac1	Lpcat2	Ccr1	Ceacam10	Ogfrl1	Timeless	Snap23	Cdk2ap2	Siglece	Scnn1a	Padi4	Clec5a	Cxcr2	Stx11	Slc35a5	Rnf149	Ppp1r3d	Fos	Rsad2	A530064D06Rik	Cd14	Tmem154	Steap4	Sorl1	Per1	Cxcl3	Pilra	Atg3	Picalm	Acta2	Pxn	Nlrp12	Gm5150	Gadd45a	Rnf144a	Adam8	Tmcc1	Oasl2	Sfxn5	Glipr1	Usp32	Slfn1	Dusp1	Mrgpra2b	Cd177	Sgms2	Entpd3	Pdlim7	Mrgpra2a	Fgl2	Tpd52	Coq10b	Hist1h2bc	Ninj1	Vegfa	Mcemp1	Ppp1r3b	Trib1	Snrk	Gm6480	Rnf11	S100a6	Mydgf	H2-Q10	1110007C09Rik	B430306N03Rik	Lilra6	Cebpb	Rab11fip1	7-Mar	Rtp4	Ppp1r2	Clec7a	BC049730	Cpeb2	Ffar2	Mboat7	Kdm7a	Ptafr	Dgat2	Slc27a4	Btg2	Tnfrsf1a	Slc7a11	Txn1	Map1lc3b	BC030499	Trpm2	Plaur	Gpsm3	Mtus1	Txn-ps1	Rasgrp4	Cass4	Gadd45b	Prc1	Clec4e	Siglecf	Pgd	Fpr1	Ckap4	9830107B12Rik	Sdcbp	Pilrb1	Glrx	Cmtm6	Hcar2	Slc2a1	4632428N05Rik	Tarm1	Sepn1	2010005H15Rik	Clec4n	Entpd1	Egln3	Dfna5	Midn	Pram1	Ikbkap	Rab6a	Svopl	Hist1h4i	Pilrb2	Pde4b	Ggt5	Abtb1	Carhsp1	Cmip	Glis3																																																																																																																																																																																																																																																																																																																																																																																																																																																																																																																																																																																																																																																																																																																																																																																																																																				
Zilionis mBasophils	mBasophils	"Mus Basophils, Fig 2B"	"Zilionis et al, Immunity 2019"	Il6	Gata2	Cd200r3	Ccl4	Ccl3	Slc7a8	Cyp11a1	Cpa3	Slc18a2	Ms4a2	Fcer1a	Ccl9	Jun	Hgf	Mcpt8	E2f8	Cd69	Alox15	Deptor	Mboat1	Lamp2	Ddit4	Ifitm1	4932438A13Rik	L1cam	Gm7676	Lat2	Dnajb1	Nedd4	Slc41a3	Fhl2	Mzt1	Stx3	Rbpms	Nfkbia	C3ar1	Ier3	Dusp5	Tec	Rcn1	Il1rl1	Gm1968	Csf1	Gstm1	Rps6ka3	Cebpa	Aldoa	Osm	Crtap	Micu1	Dnhd1	Ier2	Adgrg1	Dcp2	Il4	Asph	Gm15542	P2ry1	Gm13615	Hk2	Il18rap	Ppip5k2	Nhsl2	Egr2	Slc24a3	Atp11b	Fads1	Jak2	Ing3	Aqp9	Rbfa	Pim3	Gm6335	Oit3	Ept1	Itga2b	Cracr2b	Nt5c3	Nfkbiz	Smim3	Egr1	Klf5	Zfp945	Klhl18	Fut7	Cks2	Gm9938	Tmem64	Eml2	Frmd4b	Glul	Ywhag	Fosb	Man2b1	Eef2k	Ube2z	Rgs1	Lmo4	Gp49a	Tnfaip3	Mpc2	Stard7	Mmd	H3f3b	Tmem181a	Ptov1	Inpp5b	Cdyl2	Hacd4	Rab44	Vangl1	Galnt6	Nqo2	Csf2rb	Myo1d	Ctnnb1	Gab2	Slc6a8	Eaf2	Fam195a	Adgrg3	Tusc1	Jmjd6	Ctnna1	Os9	Cdh1	Cyp4f18	Ankrd27	Slc6a4	Ankrd13a	Dnajb9	Zfp9	Csf2rb2	Exo1	Me3	Fbxo9	Zfp704	Ccl6	Hdc	Gpr34	Mettl7a1	Ptger3	Pik3cg	Pi4k2b	Ikzf2	Tal1	Gemin2	Csgalnact2	Tgoln1	Srsf5	Perp	Lilrb4	Ppp1r15a	Prkd3	Trim9	Cd63	Noto	Clint1	Mid1	Dos	Zfp36	Syne1	Acsbg1	Psd3	Furin	Mat2a	Abhd15	Cd244	Glb1	8-Sep	Matk	Sfxn1	Pnrc1	Gstm3	Scp2-ps2	Gm15045	Zfp11	Cd63-ps	Egfl6	Acss2	Ndrg1	Nedd9	Mettl7a2	Actg1	Gpr183	Cnst	Gmfb	Ptgir	Ado	Mob3c	Dkk4	Urb2	Chst15	Mfsd5	Gm11951	Padi2	Rilpl2	Dach2	Ube2l6	Osbpl5																																																																																																																																																																																																																																																																																																																																																																																																																																																																																																																																																																																																																																																																																																																																																																																																																																				
Zilionis mB Cells	mB Cells	"Mus B cells, Fig 2B"	"Zilionis et al, Immunity 2019"	Cd79a	Fcmr	Cd79b	Ms4a1	Ebf1	Cd19	Pou2af1	Vpreb3	Scd1	Bank1	H2-Ob	Fcer2a	Blk	Pax5	H2-DMb2	Cd22	Cd55	Fcrl1	Ralgps2	Fchsd2	Rasgrp3	Cxcr5	Tnfrsf13c	Cr2	Cnn3	Mef2c	Siglecg	Moap1	4930402H24Rik	Cacna1i	Parp1	Snx2	Chchd10	Trim34a	Gga2	Snx8	A530040E14Rik	Btla	Srpk3	Hes6	Rasgef1b	Cd74	Bach2	Zfp318	Helz2	Sh3bp5	Myo1e	Pgap1	Zfp36l1	Swap70	Prkce	H2-Eb2	Pxk	Pxdc1	B3gnt5	Cd81	H2-Oa	Csnk1g3	Sesn1	Gm12543	Cd38	Mif4gd	Id3	Cd72	Pmf1	Ptpn13	Traf5	Pyhin1	Bcar3	Cd40	Snx30	Txndc16	Plekha2	Tsc22d3	Smap2	Daf2	1700021K19Rik	Cd37	H2-Aa	Strbp	Pold4	Foxp1	Prkcb	H2-Ab1	Nap1l1	Gm4204	Rfc1	Lmbrd1	4930523C07Rik	Snn	Syvn1	Ptp4a3	Vars	A630001G21Rik	Cdk19	Akap12	Gm14807	Rabgap1l	Map4k1	Lbh	Mgrn1	Ffar1	H2-Eb1	Tff1	Lrrk2	Slc45a3	Eml4	Icosl	1-Mar	Lpcat1	Ephx1	N4bp2	Grap	BC094916	St6gal1	Samd9l	Ccr6	Ciita	Dennd5b	RP24-326F21.2	Acsf2	Tpst1	Birc3	Gpd1l	Sfn	Bin1	Mtss1	Fam214a	H3f3a	Bend5	Dnajc9	Bfsp2	Ell3	Med13	Rere	Camk2d	Stac2	Tlr1	Rfx5	Blvrb	Cpm	Tfam	Cmah	Prpsap2	Ceacam13	Dgkd	Myc	Hmgn1	Fam65b	Rbm43	Filip1l	Smchd1	Cerk	Asxl2	Mzb1	Card6	Tmem243	Rel	Pou2f2	Aida	Cdt1	Zbtb18	Tmed8	Abca1	Lrat	Arf6	Fgd2	Slc4a7	Macf1	Epb4.2	Gdf11	Pold1	Myo1c	Vmn1r115	Scaf11	Pdia4	Icam2	Sipa1	Trim35	Cdc25b	Klhl14	Chst10	Trim7	Gorasp2	Gm10662	Gm5891	H2-DMa	Ube2d1	Slc12a6	Bptf	Slc38a9	Cables2	Arpc5l	Cdc42ep1	Cdh3	Yeats4	Atp10d	Atg16l2	Paip2	Crisp3																																																																																																																																																																																																																																																																																																																																																																																																																																																																																																																																																																																																																																																																																																																																																																																																																																				
Zilionis mT Cells	mT Cells	"Mus T cells, Fig 2B"	"Zilionis et al, Immunity 2019"	Igfbp4	Tcf7	Lef1	Cd3d	Bcl11b	Dapl1	Cd3e	Cd3g	Ms4a6b	Nsg2	Dgka	Lat	Cd28	Fam78a	Kcnn4	Thy1	Kbtbd11	Pdk1	Gm8730	Smc4	Tnfsf8	Gm10073	Gramd3	Rplp1	Cd5	Eef1b2	Vipr1	Icos	Cd6	Izumo1r	Fam46c	Rplp0	Als2cl	Tgtp2	Gm14165	Tgtp1	Trib2	S1pr1	Rapgef6	Gm10275	Fam102a	Dusp10	Pced1b	Klk8	Gm15500	Odc1	Tpt1	Plcg1	Foxp3	Gtf2i	Tdrp	Rps18	Rpl5-ps1	Rps16	Rplp1-ps1	Rpl3	Gm5244	Themis	Rpsa	Gm17511	Tnfrsf4	Rps6	St8sia1	Ccdc64	Satb1	Gm9396	Gm14513	Gnb2l1	Rps3	Saraf	Rpl5	Gm13777	Ift80	Pydc3	Ssbp3	Rps14	Gm6472	Peli1	Gm15421	Itk	Rplp2	Gm9493	RP24-291E8.2	Rps28	Rpl18	Rpl39	Rpl39-ps	Ctla4	Rps23	Tpt1-ps3	Tbkbp1	Lcn4	Gm10263	Zfp281	Rpl36a	Eef1a1	Npm1	Il7r	Rpl22l1	Rps15a	Rpl3-ps1	Rps4x	Rpl13a	Lrig1	Rpl36a-ps2	Rps16-ps2	Rps27a	Rpl14	Rpl32	Rpl12-ps1	Slc17a9	Rpl13	Gm8624	Rps24	Rpl19	Rpl23	Wdr89	Rpl17	RP23-263B18.4	Rpl9-ps6	Gm15198	Rpl17-ps8	Rps7	Rps21	Gm9083	Rps5	Rps8	Rpl23a	Fam101b	Rpl9	Rps3a1	Rpl23a-ps3	Bzw2	Rps29	Rpl30	Eif3e	Rpl10a	Gm14085	RP23-286M22.2	Rps8-ps1	Gm11942	Gm9625	Rasgrp1	Rps17	Rpl4	Inpp4b	Gm14586	F2rl1	Gm15501	Rps10	Gm16210	Sema4f	Sidt1	Ehd3	Rpl15	Rps15	Rpl8	Gm16073	Rpl19-ps11	Gm14446	Tmie	Gm15013	Mgst2	Rpl10a-ps1	Gm21957	Tpt1-ps1	Gm13038	Rps11	Rpsa-ps2	Bdh1	Chst2	Rps2	Lrwd1	Rpl27a	Gm13092	Galnt10	Gm15032	Gm12058	Gm9320	Sh3kbp1	Gm10126	Gm21960	Tesc	Rpl29	Rps13	RP24-383C4.1	Rps10-ps1	Mif	Inadl	Gm5963	BC021614	Gm8805	Rps13-ps1	Rnf7	Gm7393	Gm10653	Ass1	Gm5835	Gm11472	Pitpnm2																																																																																																																																																																																																																																																																																																																																																																																																																																																																																																																																																																																																																																																																																																																																																																																																																																				
Zilionis mNK Cells	mNK Cells	"Mus NK cells, Fig 2B"	"Zilionis et al, Immunity 2019"	Gzma	Klrb1c	Ccl5	Ncr1	Klra4	Cma1	Klra9	Klra13-ps	Klra7	Klra3	Klre1	Klrc1	Eomes	Nkg7	Klra8	Klrc2	Klri2	Serpinb9b	Gzmb	Klrb1b	Fasl	Il2rb	Klrb1f	Serpinb9	Klrg1	Klrd1	Klrk1	Prf1	Klrb1a	Il12rb2	Klra10	Car2	Arl4d	Ifitm10	Arsb	Pisd-ps2	Id2	Serpinb6b	Dok2	Sh2d2a	Tbx21	Samd3	Pik3r1	Camk2n1	Gvin1	Tmem37	Gm4070	Klra1	Ctsw	Khdc1a	Ifng	Lpin1	Ifngr1	Peak1	Dapk2	Khdc1c	Smad3	Prdm1	Ugcg	Xcl1	Chsy1	Ahnak	Nrarp	Tmem181b-ps	Spn	D8Ertd82e	1700025G04Rik	Lta4h	Adamts14	Arap2	Ctla2b	Stat4	Kcnj8	Pdgfb	Klra5	As3mt	Ccr5	H2-Q6	Ctla2a	Baiap3	Tnik	Pde2a	Wscd2	Gm4956	S1pr5	H2afz	Cipc	Ywhaq	Slc25a24	Itgb1	Epsti1	Pogk	Itgal	Osbpl3	Hsd11b1	Pla2g16	Elk3	Gramd4	Cd59b	Anxa6	Cd160	Ccnd2	Sytl2	Aoah	Runx3	Gimap4	Ube2g2	Armc1	Dusp2	Gramd1b	H2-Q7	Adora2a	Abcb1a	Mcm6	Ptprc	Ptpn4	Mcam	Mtmr12	Fryl	Smc5	Atp8b2	Phactr3	Ide	Clnk	Pgrmc1	S100a13	Ndfip2	Plscr4	Hopx	Dnajb4	Cpne7	Gm8203	Rab37	Gm8909	Zcchc18	Nhp2l1	Gpc1	Gm13007	Pear1	Itga4	Nrgn	Atad1	Stk32c	Ndnf	Txk	Rpa2	Dennd4c	Hcst	Serpina3g	Tnfsf12	Dnajc1	Letmd1	Efhd2	Cnep1r1	Med28	Abcg2	Aim1	Mmgt2	H2-D1	Agpat3	Ppm1j	Tm6sf1	Cdk2ap1	Sppl3	Bin2	Rbbp4	Nck1	Adamts10	Smc2	Gimap8	Gzmk	Kcnip3	Tnfrsf9	7-Sep	Supt6	Spata13	Gm12184	Mta1	Syne3	Sp100	Gfi1	Azi2	Kcnab2	H2-K1	Tshz3	Raph1	Tnk2	Pcna	Lsm14a	Pcna-ps2	Plekhf1	Esyt1	Armcx2	Arhgap26	Zbtb1	Racgap1	Nr4a2	Nans	Vps37b	Mbd1																																																																																																																																																																																																																																																																																																																																																																																																																																																																																																																																																																																																																																																																																																																																																																																																																																				
Zilionis mN1	mN1	"Mus N1 Neutrophils, Fig 3G"	"Zilionis et al, Immunity 2019"	Chsy1	Retnlb	Mmp8	Scnn1a	Dhrs7	Retnlg	Rdh12	Fam63a	Klf2	Emp3	E2f2	AC109138.1	Carns1	Far1	Arl2bp	Gpi1	Dgat1	Ap1s2	Atp1a3	Arap3	Fam160a2	Hacd4	Slc2a3	Nbeal2	AB124611	Pbx2	Tob1	Phospho1	Fam32a	Gm15448	Xdh	Ankrd44	Gfod1	Csprs	Pten	Pira2	Arrdc3	Sqrdl	Acta2	Atg3	Retnla	S100a6	2310047M10Rik	Phactr2	Scrg1	Tnfrsf21	Kdm7a	Mrpl33	Gm1840	Svopl	Cd37	Snrk	Mettl9	Map3k5	Pirb	Rnf125	Slc44a1	H3f3a	Slc35a5	Stk10	6430548M08Rik	Tcp11l2	Map4k2	Xpo6	Slpi	Tecr	Hmgb2	Dlgap4	Itga4	Inpp1	Cpne2	Alox5ap	Wbp1l	Inpp5k	Pcgf2	Trem3	Mtus1	Rcsd1	Tmpo	Anxa1	Prr13	St3gal5	Cytip	Ccnd3	Ceacam1	Glis3	Dtd1	Pcmtd2	Mmp9	Zyx	Usp38	Spc24	Atp8b1	Gm9920	Gda	Hdac4	Myadm	AY074887	Dpf1	Stat5b	Rere	Fam65b	Hist2h2aa1	Ncor1	Slc22a15	Rufy4	Tspan15	Cd163	Plbd1	Psmb11	Emb	Scd3	Phf1	Ctage5	Pglyrp1	Gsr	Usp3	Lpcat2	Rasgrp2	Osbpl2	Gm13349	Coq10b	Slco2a1	5031439G07Rik	Fam122a	Mdm1	Celf2	Zfp516	Slc2a6	Hist2h2aa2	Card6	Tgfbi	D1Ertd622e	Svil	Pdhx	Padi4	Trp53inp1	Mfsd6	Jund	Camsap1	Gdi1	Arap1	Metrnl	Ppp1r2	Rnf144a	Zxdc	Slc12a6	Ulk1	Ip6k1	Plp2	Pqlc3	Arhgap30	Apbb1ip	Cers4	Tmlhe	Mfsd4	Rdh11	Mgst1	Nhsl2	Dynlt1f	Grin2b	S1pr4	Stat4	Eef2k	Gm6169	Chst12	Cdk5r1	Grap	Lilra6	Clip1	Kctd12	1700016D06Rik	Ankle2	Slc16a3	Ly6g	Pign	Gadd45a	S100a11	Slc39a4	Glyctk	Lpcat4	Ing1	Dck	Lrrc17	Msl1	Arid4a	Amt	Stx11	Tmem87a	R3hdm4	Capn1	Nek9	Limd2	Dusp18	BC030499	Palm	Fpr1	Mfsd7b	Pisd-ps2	Map3k15																																																																																																																																																																																																																																																																																																																																																																																																																																																																																																																																																																																																																																																																																																																																																																																																																																				
Zilionis mN2	mN2	"Mus N2 Neutrophils, Fig 3G"	"Zilionis et al, Immunity 2019"	Rsad2	Ifit3	Ifit1	Cmpk2	Ifit3b	Ifi47	Oasl1	Usp18	Cxcl10	Gbp2	Rtp4	Slfn4	Igtp	Plac8	Ifit2	Oas3	Sp100	Ddx60	Ifi204	Stat1	Isg15	Isg20	Irf7	Ifih1	Gvin1	Gm4070	Oas2	Slfn8	Ifitm3	Parp14	Trafd1	Rnf213	Slfn5	Irgm1	Gm14446	Trex1	Trim30d	Trim30a	Gbp7	2010002M12Rik	Tap1	Dtx3l	Helz2	Ly6e	Sppl2a	Gbp5	Herc6	Rnf114	Znfx1	Ifi27l2a	Ddx58	Epsti1	Nt5c3	Eif2ak2	H2-T23	Psmb9	Oas1a	Stat2	H2-T22	Dhx58	Parp9	Cebpzos	5430427O19Rik	Oas1g	Unc93b1	Agrn	Ttc28	AI607873	Tor3a	Ogfr	Parp10	Pydc3	Trim12a	Trim21	Zbp1	Irgm2	Trim12c	Ifi203	Irg1	Bst2	Adar	Samd9l	Hck	Sp110	Mau2	Gbp3	Trim34a	Tuba8	Trim30b	Lrrc31	B2m	9330159F19Rik	Irf9	Igsf6	Hecw2	Gm2840	Smchd1	Abcg3	Coq4	Slc15a3	Gm12696	Ifi35	Acer1	Oasl2	Tor1aip2	C130026I21Rik	Samhd1	Ogfrl1	H2-T10	Ehd4	Slc25a22	Parp12	Gm11951	Zc3hav1	Cmtr1	Zfp81	Knop1	Fcgr4	Galnt14	Rabgef1	H2-K1	Ifitm6	Gpr65	Filip1l	Qsox2	Dram1	H2-Q6	Zfp420	Slfn1	Mis18a	Smc2	Ttc39c	Psmb8	Ociad1	Adk	Mxd1	Tmco4	Camk2d	Fam129a	Acvrl1	1600014C10Rik	Hdc	Sell	Snx20	H2-D1	Hgf																																																																																																																																																																																																																																																																																																																																																																																																																																																																																																																																																																																																																																																																																																																																																																																																																																																																																										
Zilionis mN3	mN3	"Mus N3 Neutrophils, Fig 3G"	"Zilionis et al, Immunity 2019"	Cxcl3	Tgm2	Cd14	Clec12a	Traf6	Egln3	Dgat2	Cass4	Slc11a1	Emilin2	Acat2	Mefv	Gpr35	Sema4a	Rhoh	Ccr1	Ffar2	Eif5a	Tec	Cd44	Srgn	Cd300lf	Lcp2	Tlr4	Cxcl2	Glipr2	Nlrp3	Plaur	Arih2	Rab44	Nfkbia	Xbp1	Tgm1	Adam19	Entpd1	P4hb	Slc7a5	Cpeb2	Ier3	Jak2	Cox17	Med7	St3gal4	Gabbr1	Cish	G0s2	Nlrx1	Txnrd1	Neurl3	Fcgr3	Arf4	Gp49a	Pde4b	Slc2a1	Slc7a4	Bcor	Adgre5	Lilrb4	Skil	Mgat4a	H13	Coro2a	Rabep1	Cmtm6	C5ar1	Rnf24	Fcgr2b	Kbtbd7	Nfil3	Picalm	Trem1	Csrnp1	Rab20	Il10ra	Il17ra	Rnasel	Arhgef15	Bcl2a1b	Gm13171	Hic1	Tgfb1	Gimap1	Pacsin2	Eml4	Adam10	Cebpb	Snap29	Bcl2a1a	Ski	Rtn4ip1	Ets2	Gm21987	Vasp	Basp1	Il1r2	Lrrfip1	Btg1	Il1b	Snap23	Tnfrsf22	Sla	Pts	Gcnt1	Vangl1	Csf2rb	Havcr2	Ptger3	Hif1a	Ninj1	Ppp1r18	Itgam	Bcl2a1c	Cxcr2	Lcp1	Plek	Aldh18a1	Zcchc2	Zfp945	Bcl2a1d	Litaf	Clec5a	Fosl2	Actg1	Gpr146	Msn	Cotl1	Cd53	Emd	Tmem248	Eif1	Tmem167b	Bhlhe40	Pwwp2b																																																																																																																																																																																																																																																																																																																																																																																																																																																																																																																																																																																																																																																																																																																																																																																																																																																																																																							
Zilionis mN4	mN4	"Mus N4 Neutrophils, Fig 3G"	"Zilionis et al, Immunity 2019"	Krtcap2	Pald1	Abi3	Mt1	Gngt2	Cpt1a	Prss2	Il1rl2	A630001G21Rik	U2af1l4	Exoc4	Ptgs1	Atp5c1	Crct1	Banf1	Alyref2	Scd2	Adgre1	Enc1	Cd79a	Fam110a	Atp5a1	Pddc1	Bop1	Cox7c	mt-Nd4l	Cst3	Pelp1	Cd74	Hemk1	Cox7a2	Gpr171	Dpf2	Nhp2l1	Sh3tc1	Mboat7	Ncoa5	S100a4	Tmem219	Relt	Dhx15	Tmem258	Cox8a	Gm20503	Ndufb4	Atp5j	Fam105a	Dynll1	Nxt1	PISD	Cdkn1a	D15Ertd621e	Atp5f1	Ola1	Dad1	Pygo2	Yif1b	Csnk2a2	Rnf220	Txn2	Csde1	Nucks1	Hn1	H2-Aa	Fbxl14	Nsf	Cnbp	Orai2	Psma6	Dguok	Ndufa8	Gng10	Slc25a38	U2af1	Nup153	Ndufc1	Grcc10	Cdipt	Nudcd3	G6pc3	Prkar2a	Magoh	Romo1	Scand1	Prpf8	Kat7	Srp14	Ap4s1	Tardbp	Dnajc1	Polr2k	Taok2	Taf11	Rcc2	Ruvbl2	Snrpd3	Isyna1	Rps27l	Exosc5	Baiap2	Mrpl42	Pcmt1	Arfip2	Kdm1b	Snrpe	Fgr	Utp11l	Klf9	Ei24	Prps1	Amer2	Tmem161b	Usp15	Dicer1	Wrap73	Zfp28	Uba6	Trappc6b	Entpd3	Cry2	Gm21092	Cdc5l	Tmco1	Cox6b1	Abhd2	Ikzf4	Gm4989	Pde4dip	Brf1	Zfp609	Atmin	Aaas	Pygb	Bcl7c	Cntrl	Ndufb5	Phf12	Ndufa11	Gm11598	Ssrp1	Rbm12b2	Ndufaf3	Hnrnpa2b1	Mrpl4	Secisbp2l	Rpl36al	1200014J11Rik	Os9	Fam168a	Tomm7	Slc10a7	Xpnpep1	Thoc7	Ndufa2	Cdk2ap1	Ap2b1	Cysltr1	Mpp5	Arid1a	Ppp2r5c	Atxn2l	Polr2h	Gm16073	Arpc1a	Fzd7	Tarm1	Glra1	Rgs3	Acsl5	Papola	Tor1b	Cryl1	Nsdhl	Apc	Sec22b	Ttc19	Ier3ip1	Naaa	Usmg5	Fbxl6	Elp3	Gm6419	6030458C11Rik	Sart3	Rwdd1	Sipa1	Hmgn5	Zdhhc13	Psmd4	Akap8	Psma1	Mrps34	Ssbp1	Gm13338	RP23-55P22.2	Slc9a6	Cpsf3l	Rp2h	Cdc40	Srp72																																																																																																																																																																																																																																																																																																																																																																																																																																																																																																																																																																																																																																																																																																																																																																																																																																				
Zilionis mN5	mN5	"Mus N5 Neutrophils, Fig 3G"	"Zilionis et al, Immunity 2019"	Gpnmb	Gstm1	Ccl3	Psap	Rab15	Fnip2	Cstb	Mreg	Ctsb	Rnh1	Hilpda	Itpr2	Gns	Cd63	Atp6v1c1	Cd63-ps	Hmox1	Tns3	Ralgds	Lgmn	Ifrd1	Hmga1	Hcar2	Stx3	Sqstm1	Ctsk	Lhfpl2	Spp1	Atp6v0d2	Gnpda1	Hmga1-rs1	Gdf15	Irak2	Pdcd1lg2	Gpr137b	Slc31a2	Slc23a2	1700017B05Rik	Atp6v1a	Gm10116	Mpp1	Ftl1	Atp6v0c	Naglu	Bri3	Arfgef2	Slc26a11	RP23-27H19.7	Gas2l3	Lgals3	Zfand2a	Amdhd2	Aph1c	Tpp1	Nceh1	Mcfd2	Snx8	Capg	Zeb2	Pnpla7	Aph1b	Itgae	Npc1	Clcn7	F10	Gm15590	Lamp1	Ccl4	Dtnbp1	Eea1	Rnasek	Ctsd	Fnip1	Ank2	Osbpl8	Fkbp15	Cipc	Maff	Gm14542	Slc20a1	Plekhm2	Eif5	Arl8b	F7	Tecpr1	Flcn	Tgoln1	Rragc	Atf5	Igf2r	Syngr1	Aars	Plin2	Cd68	Eya3	Gstm3	Fam167a	Smad3	Naa50	Cxcr1	Dvl2	Ilf3	Plin3	Uap1l1	Pdxk	Atf4	Plekhm1	Prok2	Gba	Tmem251	Dnajb9	Vat1	Gm7541	Azin1	Atp6v0d1	Mpeg1	Dpp7	Dgkz	St13	Sirt2	P2ry2	Creg1	Cited2	Npc2	Atp6v1f	Cerk	St6gal1	Lasp1	Tmem55b	Kit	P2rx7	Arl8a	Ddit3	Mgat4b	Prosc	Bglap3	Prdx1	Gadd45g	Anxa5	Frrs1	Ccrl2	Cnppd1	Tnfrsf1b	Plgrkt	Bax	Atp6v1b2	Gm6407	Mapk6	Trpm7	S1pr2	Mafg	Gnl3	Hsp90aa1	B4galt5	Dtx4	Wdr81	Ciart	Gsk3a	Dedd2	Stxbp5	Sft2d3	Wbp2	Tmem189	Card11	Ostm1	Vps26a	Atp6v0b	Gla	Cln3	Patl1	Hip1r	Vegfb	Alcam	Cdca7	Asna1	Col15a1	Sirt1	Sh2b2	Gm9230	Dnase1l1	Hexa	Ago2	Cnot4	Fndc3b	Inhba	Gm38394	Vps13d	Rab9	Piezo1	Alg3	Arl11	Abhd17c	Cldn1	Lamtor1	Vwf	Sdcbp	Dot1l	Slc3a2	Sntb2	Larp1																																																																																																																																																																																																																																																																																																																																																																																																																																																																																																																																																																																																																																																																																																																																																																																																																																				
Zilionis mN6	mN6	"Mus N6 Neutrophils, Fig 3G"	"Zilionis et al, Immunity 2019"	Ngp	Adamdec1	Chil3	Camp	Ctsc	B4galt6	Gtpbp1	Smpdl3a	Fcnb	B3galt6	2010005H15Rik	Car4	5-Sep	Itgb2l	Paics	Pycr2	mt-Co1	Mgrn1	Gm11512	mt-Co3	Rdh14	Lrch1	Tmem256	C1rl	Hacd2	mt-Atp6	Tuba1b	Ltf	mt-Co2	Gm5483	Rps6ka1	Gm7488	Arl4c	Cbr3	Bst1	BC049730	Cybb	Bag5	Csnk2b	Cd177	Tbca	Gsn	mt-Cytb	Rpl7	Acp5	Actn1	Gm4575	Gm8055	Entpd6	Ift57	Gm6136	Ctnnbip1	Hnrnph1	Ssr4	Gatm	Alox5	Fam96a	Snrpb2	Prdx6b	mt-Nd1	Gnb2l1	Lyz1	Cd38	Gm12182	Kcnab2	Serpinb1a	Gm6472	Lyz2	Dok2	Fam172a	mt-Nd4	Ikbke	Wwp1	Gm6768	P4ha1	Ahr	Psmc4	Ncoa4	Lcn2	Wfdc21	Elof1	Ssb	Myo1g	Rps24	Rpl3	Dach1	Rpl32	Pak1	Tpst2	Rock2	Atp5g3	Gm12201	Gm5835	mt-Nd5	Kcnip3	Gm10704	Srrt	Dynlt3	Rpl9-ps6	Gapdh	Tkt	Antxr2	Agps	Lime1	Rpl9	Spg7	Insr	Gm10327	Anxa3	Gm11400	Gdi2	Slc48a1	Tsnax	Hsp90ab1	Abca13	Itpripl2	Rpl35	Rpl4	Gm14130	Tle4	1700012B07Rik	Gm16210	Gm4540	Dock8	Socs2	Hint1	Adcy9	Rab3d	Sarnp	Aoah	Sema7a	Mrpl18	Gm2000	Vcp-rs	mt-Nd2	Ints2	Rps2	Prr12	Olfml2b	Srsf2	Cct2	Ddx46	Slc45a4	Sh3kbp1	Lactb	Rpl14	Slc39a11	Lce3a	mt-Nd3	Pepd	Npm3	Cox6c	Mib1	Gm5530	Alas1	Plcg2	Bub3	Rnaseh2b	Gm3839	Fam101b	Ccdc86	Cops5	Cd101	Megf9	Gm7286	Shc1	S100a8	Fkbp1a	Rpl37a	Lars	Gm6563	Gm12230	Rps17	Pygl	Gm14586	Ethe1	Rpl10a	Pcgf3	Nmt2	Ngrn	Chchd7	Rps5	Gm9493	Aprt	Patz1	C1galt1c1	Rpl13a	Rab10	Rps15	Zfhx3	Ddx10	Psmd6	Gm12090	Naca	Npm3-ps1	Cc2d1a	Anxa7	Rps18	Gm20388	Abracl																																																																																																																																																																																																																																																																																																																																																																																																																																																																																																																																																																																																																																																																																																																																																																																																																																				
Zilionis mDC1	mDC1	"Mus DC1 Dendritic cells, Fig 4K"	"Zilionis et al, Immunity 2019"	Xcr1	Rab7b	Pianp	Cxx1a	Cxx1b	Ifi205	Mnda	Naaa	3-Sep	Stmn1	Gcsam	Ppt1	Rab32	2810417H13Rik	Cadm1	A530099J19Rik	Plekho2	Wdfy4	Cd36	Tlr3	Pak1	St3gal5	Sult1a1	Fam149a	BC028528	Dbn1	Atp6v0a2	Itgae	Hps3	Hist1h2ap	Top2a	Ubald2	Anxa6	Cd24a	Prkd3	Nsun2	Cystm1	Plbd1	Ssx2ip	Tmsb10	Taldo1	Parl	Jdp2	Pcna	Dcaf12	Gatm	Nadk	Gm13092	Fgl2	Timm23	Preb	Anpep	Unc119b	Oxct1	Pcna-ps2	Rab43	Kctd12	Dnase1l3	Commd8	Smim3	Tnfrsf21	Ralb	Ndufb2	Anp32b	Evl	6-Sep	Snx3	Cdk4	Cks1b	Ankfy1	Ffar4	Eif2s1	Gm9844	Mkrn1	Wdr41	Rp2h	Pold4	Gm10273	Sdc3	Myo1f	Camk1d	Aif1	Qpct	Mrpl42	Foxk2	Jund	Anxa1	Tsg101	Pbx1	Slc25a39	Ppm1m	Zyx	Itm2c	Mgrn1	Gm20503	Hprt	Sod1	Bcl6	Gng10	Ppp1r18																																																																																																																																																																																																																																																																																																																																																																																																																																																																																																																																																																																																																																																																																																																																																																																																																																																																																																																																								
Zilionis mDC2	mDC2	"Mus DC2 Dendritic cells, Fig 4K"	"Zilionis et al, Immunity 2019"	Mmp12	Wfdc17	Clec4n	Il1r2	Emb	Ms4a6d	Dab2	Mgl2	Ccr1	Ctsc	Il1b	Tmem33	Rpp14	Lilrb4	Ifitm1	Emc7	Socs3	Rnf130	Clec7a	Fosl2	Cd300a	Mrc1	Gp49a	Tmem60	Nfkbiz	S100a6	Cfp	Tgm2	Tppp3	Ccl17	Gm7676	Zfp300	Vegfa	Pilra	Maff	App	Itgax	Actr1b	Eif4ebp2	Napsa	Cxcl2	AA467197	Pou2f2	Slc25a28	Picalm	Snx8	Lpcat2	Add3	Ms4a4c	H2-DMb2	Ccl6	Actl6a	Cd209a	Nsf	Rassf5	Ifitm2	Rps6ka4	Cebpa	Nfkb1	Arfip2	RP23-27H19.7	Zfp263	Tpi1	Trps1	Jun	Alcam	Arl8b	Sh3pxd2b	Slc3a2	Gramd4	Gm6977	Csf1r	Tiam1	Uck2	Taok3	Furin	Gcnt1	Napa	Atp6v0c	Rad23b	Aph1b	Fos	Ifitm6	Hivep2	Sdccag8	Tbc1d10b	Ear2	Clec10a	Hspbp1	Gm4070	Gvin1	B4galt6	Socs6	Cmpk1	Ctss	Timd4	Zfp91	Nfe2l2	Sipa1	Axl																																																																																																																																																																																																																																																																																																																																																																																																																																																																																																																																																																																																																																																																																																																																																																																																																																																																																																																																								
Zilionis mDC3	mDC3	"Mus DC3 Dendritic cells, Fig 4K"	"Zilionis et al, Immunity 2019"	Fscn1	Ccl5	Ccr7	Cacnb3	Anxa3	Tmem123	Fabp5	Epsti1	Gyg	Samsn1	Serpinb6b	Marcksl1	Tmem150c	Pfkfb3	Glipr2	Ccl22	Fam177a	Tbc1d4	Tmcc3	Akap2	Flrt3	Birc2	Ceacam15	Mreg	Gm14328	Apol7c	Socs2	Slc4a8	Adcy6	Rap2b	Vsig10	Zmynd15	Plxnc1	Ssh1	Map4k4	Tnfrsf9	H2-M2	Eno3	Mxd1	Scin	Npr1	Gbp2	Nudt17	Pcgf5	Adora2a	Clu	Cblb	H2-Q6	Ramp3	Rhoc	Cd63	Sema7a	Poglut1	Tnfrsf4	Serpinb9	Adap1	Slco5a1	Psme2	Stat4	Ogfrl1	Lad1	Uap1	Psme2b	Gatsl2	Vopp1	Ikzf4	Il12b	Myo1g	Iscu	Rassf3	Ccser2	Nostrin	Marcks	Fas	Tspan3	Mx1	Gypc	Zfp36l1	Cd59b	Tpm1	Tuba1a	Rassf2	Fam60a	Fam49a	Ankrd33b	Cd63-ps	Cd83	Tnfrsf1b	Rps27l	Fabp5l2	Rogdi	Nfkb2	Clic4	Dnajc12	Csrp1	Adgrg6	Il4i1	H2-Eb2	Lamp1	Txndc17																																																																																																																																																																																																																																																																																																																																																																																																																																																																																																																																																																																																																																																																																																																																																																																																																																																																																																																																								
Zilionis mpDC	mpDC	"Mus mpDC Dendritic cells, Fig 4K"	"Zilionis et al, Immunity 2019"	Cox6a2	Ly6d	Siglech	Ccr9	Atp1b1	Ly6c2	Ly6c1	Ctsl	Bst2	D13Ertd608e	Gm21762	Ly6a	Cd7	Klk1	Tex2	Sell	Pacsin1	Plac8	Lair1	Smim5	Tmem229b	Ptprcap	Cd37	Tcf4	Dntt	Bcl11a	Atp2a1	Fam43a	Klk1b27	Runx2	Timp2	P2ry13	Rnase6	Ncald	Cxxc5	Hpse	Hivep3	Serinc3	Cd8b1	Upb1	Havcr1	Ctsb	Tsc22d1	Mzb1	Rell1	Golim4	Rac2	Cd4	Cyp4x1	Smim14	Klra17	Dnajc7	Slc44a2	11-Sep	Fam3c	Rnf122	Slco4a1	Ptp4a3	Npc1	Ccdc23	Epha2	Abhd17b	Grn	Hmgcs1	Cdip1	Pld4	Fyb	Nol6	Fcrla	Fam117a	Dcaf8	Fdps	1-Sep	Gas7	Pltp	Spib	Slpi	Cd164	Txndc5	Jade1	Msmo1	Hs3st1	Adcy7	Rbmx	Pkig	Plekhm3	Ppif	Fyn	Ly9	Chic2	Snx18	Csf2rb2	P2ry14	Spcs2	Tubgcp5	Mbnl1	Cnot8	Cybb	Tspan13	Cdkn2d																																																																																																																																																																																																																																																																																																																																																																																																																																																																																																																																																																																																																																																																																																																																																																																																																																																																																																																																								
Zilionis mMono1	mMono1	"Mus mMono1 Monocyte, Fig 5G"	"Zilionis et al, Immunity 2019"	F13a1	Vcan	Plac8	Ifi27l2a	Rnf213	Ms4a6b	Hpse	Ifi47	Ly6c1	Ifi204	Rfx2	Atp2b1	Ms4a6c	Trim30a	Gm20203	Ndrg1	Aoah	Ms4a4c	Ly6c2	Epsti1	Gm9733	Atf3	Ppp1r9b	Tmpo	Zswim6	Tnfrsf21	Alox5ap	Hopx	Stard9	Stom	Trafd1	AI607873	Gm5617	Celf4	Dusp22	Mospd3	Mtus1	Erlin1	C3	Unc93b1	Cmtm7	Cd177	Ifitm3	G6pdx	Clec12a	Fos	Atf6	S100a4	Mgst1	Kdm7a																																																																																																																																																																																																																																																																																																																																																																																																																																																																																																																																																																																																																																																																																																																																																																																																																																																																																																																																																																																										
Zilionis mMono2	mMono2	"Mus mMono2 Monocyte, Fig 5G"	"Zilionis et al, Immunity 2019"	Cd300e	Eno3	Spn	Treml4	Adgre4	Itgal	Ace	Hfe	Ddit4	Smpdl3b	Arhgef10l	Ceacam1	Abi3	Ceacam2	S1pr5	Stk10	Fcgr4	Cd36	Cyfip2	Slc12a2	Pecam1	Pou2f2	H2-K1	Ssh1	Samsn1	Bcl2	Dusp16	Gngt2	Tnfrsf1b	Tmem51	Stap1	Rnase6	Dusp5	Mid1ip1	Spata13	Zfyve9	Ptprj	Rap1gap2	Stk24	Tgm3	Ldlrad3	Map3k14	Tmem26	Myo1g	Klf4	H2-Q6	Atp1a1	Filip1l	Adrb2	B4galt5																																																																																																																																																																																																																																																																																																																																																																																																																																																																																																																																																																																																																																																																																																																																																																																																																																																																																																																																																																																										
Zilionis mMono3	mMono3	"Mus mMono3 Monocyte, Fig 5G"	"Zilionis et al, Immunity 2019"	Retnlg	G0s2	Lcn2	Csf3r	Il1b	S100a9	Cxcr2	S100a8	Sike1	Mmp9	Lmnb1	Rsad2	Mxd1	Asprv1	Arg2	Il1r2	Retnlb	Fgl2	Slfn4	Ccrl2	Chac1	Nbeal2	Tet2	Emc7	Fam101b	Ttyh3	Ptgs2	Timeless	Pias1	Trib1	Atf7ip	Hdc	Gm17615	Chil1	Acta2	Ulk1	Gadd45a	Pnisr	Spc24	Zfp300	Igf1r	Pim1	Ndel1	Usp19	Il1rn	Hcar2	Slc40a1	Clec4e	Neurl3	Rabgap1																																																																																																																																																																																																																																																																																																																																																																																																																																																																																																																																																																																																																																																																																																																																																																																																																																																																																																																																																																																										
Zilionis mM01	mM01	"Mus mM01 Macrophage, Fig 5G"	"Zilionis et al, Immunity 2019"	Retnla	Ccl17	C1qa	Fcrls	Cxcl16	Mdfic	Ccr5	Ccl12	Mafb	Bcl2l11	C1qb	Cd81	Cd86	Thy1	Mgl2	1500011K16Rik	Ctsc	Cox7b	Ccl7	Wdr3	AA467197	Ccl4	Hgf	Tmem214	Got1	Slc7a11	Mmp19	Glb1	Tmem176a	Ndufb3	B4galt1	BC003965	AC116115.1	0610030E20Rik	Bcl2l1	Pqlc1	Zmynd15	Cish	Apoa1bp	H2-Eb1	Rab20	Tubb2a	Gm6222	Mfsd1	Src	Fmnl2	Ncf1	Csnk2b	Gpbp1l1	Cox8a																																																																																																																																																																																																																																																																																																																																																																																																																																																																																																																																																																																																																																																																																																																																																																																																																																																																																																																																																																																										
Zilionis mM02	mM02	"Mus mM02 Macrophage, Fig 5G"	"Zilionis et al, Immunity 2019"	Gpnmb	Mfge8	Fabp5	Gm14328	Rilpl2	Spp1	Gm6100	Pdgfa	Lamtor3	Cd63-ps	Gm6977	Ank2	Gm13998	Ppap2b	Fabp5l2	Cd63	Ctsl	Gm10116	Trem2	Ftl1	Ftl2	Bhlhe41	Gm5900	Myof	Cd68	Gm15590	Ctsd	Prrg2	Fstl1	Pebp1	Akr1a1	Fth1	Gstm1	Myo5a	Lhfpl2	Esd	Tnfsf12	Pdpn	Gaa	Ctsb	Ctsz	Atp6v1c1	Vat1	Dpp7	Golt1b	Il11ra1	Creg1	H2-M2	Gm13305	Cstb																																																																																																																																																																																																																																																																																																																																																																																																																																																																																																																																																																																																																																																																																																																																																																																																																																																																																																																																																																																										
Zilionis mM03	mM03	"Mus mM03 Macrophage, Fig 5G"	"Zilionis et al, Immunity 2019"	Alox15	Saa3	Prg4	Serpinb2	C4b	F5	Slpi	Ptgis	Icam2	Cd5l	Ednrb	Fcna	Selp	Lrg1	Ecm1	Itga6	Sdc3	Fn1	Snrnp25	Ptgs1	Prtn3	Pf4	Cfp	Padi4	Cnot6	Evi5	Arhgap23	Tgfb2	Thbs1	Vamp3	Garnl3	Ank	Nt5e	Tcn2	Emilin2	F10	Pygl	Ddost	Acly	Selplg	I830127L07Rik	Adgre1	Ltbp1	Man2a1	Phf11d	Sgpp1	Plod3	Pycard	Wfdc17	Brd9																																																																																																																																																																																																																																																																																																																																																																																																																																																																																																																																																																																																																																																																																																																																																																																																																																																																																																																																																																																										
Zilionis mM04	mM04	"Mus mM04 Macrophage, Fig 5G"	"Zilionis et al, Immunity 2019"	Krt79	Chil3	Plet1	Car4	Cidec	Tcf7l2	Krt19	Hsd3b7	Cpne5	Mfsd7c	Il18	Cib2	Chil4	Abcg1	Gal	Perp	Lpin1	Clic4	Ccnd2	Ear1	Cd2	Pald1	Adipor2	Hr	Trim29	Marco	Lsr	Anxa2	Sort1	Acaa1b	Epcam	Nceh1	Fabp1	Adcy3	Gmpr	Mgll	Prkar2b	Ly75	Card11	Flt1	Reep5	Ptms	Bub1b	Aldoc	Atxn10	Fpr1	Serpinb6a	F7	Slc9a4	Pnpla8																																																																																																																																																																																																																																																																																																																																																																																																																																																																																																																																																																																																																																																																																																																																																																																																																																																																																																																																																																																										
Zilionis mMonoDC	mMonoDC	"Mus mMonoDC MonocyteDC, Fig 5G"	"Zilionis et al, Immunity 2019"	Cd7	Cd209a	Atp1b1	Clec10a	Cd209d	Klrd1	Flt3	Dpp4	Kmo	Ybx3	Cd209e	Gm5812	Bcl11a	Parp8	Cnp	Irf8	Btla	Fbl	H2-DMb2	Lmo1	Ctnna1	Gng10	Gm20503	Ddr1	Fgd2	Gpr18	Bst2	Ccnd1	H2afy	H2-DMa	Abhd17b	Plp2	Gm6169	Hnrnpa1	Pepd	Npm1	H2-Oa	Tmem173	Coro2a	Stat5a	Gpr183	Irf4	Tiam1	RP24-352B14.1	Rps11-ps1	Tcf4	Anxa6	Gm21092	Khdrbs1	Apobec3																																																																																																																																																																																																																																																																																																																																																																																																																																																																																																																																																																																																																																																																																																																																																																																																																																																																																																																																																																																										
Experimental	Group 1	Group 1	NA	Pdcd1	Havcr2	Lag3	Ctla4	Tigit	Cd101																																																																																																																																																																																																																																																																																																																																																																																																																																																																																																																																																																																																																																																																																																																																																																																																																																																																																																																																																																																																																																						
Experimental	Group 2	Group 2	NA	Cd1d1	Cd1d2																																																																																																																																																																																																																																																																																																																																																																																																																																																																																																																																																																																																																																																																																																																																																																																																																																																																																																																																																																																																																																										
Experimental	Group 3	Group 3	NA	Ifng	Gzmb	Gzma	Tnf	Gnly																																																																																																																																																																																																																																																																																																																																																																																																																																																																																																																																																																																																																																																																																																																																																																																																																																																																																																																																																																																																																																							
Experimental	Group 4	Group 4	NA	Cd69	Itgae	Il2ra	Il7r	Nk1.1	Sell	Ccr7	Ly108	Cxcr5	Klra1	Serpina3f	ramp1	P2rx7	Mki67																																																																																																																																																																																																																																																																																																																																																																																																																																																																																																																																																																																																																																																																																																																																																																																																																																																																																																																																																																																																																														
Experimental	Group 5	Group 5	NA	Tcf7	Tox	Tbx21	Eomes	Prdm1	Runx3	Klf2																																																																																																																																																																																																																																																																																																																																																																																																																																																																																																																																																																																																																																																																																																																																																																																																																																																																																																																																																																																																																																					
Stubbington Mus Naive	mNaive	Mus Naive	"Stubbington MJ, Mahata B, Svensson V, Deonarine A, Nissen JK, Betz AG, Teichmann SA. An atlas of mouse CD4(+) T cell transcriptomes. Biol Direct. 2015 Apr 3;10:14. doi: 10.1186/s13062-015-0045-x. PMID: 25886751; PMCID: PMC4384382."	1700028N14Rik	1700056E22Rik	1810013L24Rik	1810019D21Rik	2010016I18Rik	2410066E13Rik	2410089E03Rik	2610019F03Rik	3110043O21Rik	4732447D17Rik	4833420G17Rik	4931406P16Rik	4932438A13Rik	4933426M11Rik	8030462N17Rik	9630013K17Rik	A430078G23Rik	A630007B06Rik	A630014C17Rik	A930024E05Rik	Aak1	AB041803	Abcg1	Abhd2	Abl1	Abl2	AC102860.1	AC118227.1	AC122200.1	AC122273.1	AC123702.2	AC123724.1	AC124336.1	AC124998.1	AC126942.1	AC140071.1	AC153556.1	AC160929.1	AC167018.1	Acacb	Acbd5	Acer2	Acin1	Acot2	Actn1	Actr5	Acvr1b	Adamts14	Adamts3	Adnp	Aff1	Aff3	Aff4	Ago2	Ago2	Ahdc1	Akap13	Akap8	Akna	AL935177.1	Alpk3	Ambra1	Amz1	Angel1	Ankrd11	Ankrd44	Ankrd50	Ankrd61	Ap2a2	App	Appl2	Arfgap1	Arfgap2	Arhgap17	Arhgap25	Arhgap31	Arhgef10	Arhgef11	Arhgef18	Arhgef7	Arid1a	Arid1b	Arid4a	Arid5a	Arih2	Arl5b	Armc7	Arnt	Ascc2	Atg13	Atg16l1	Atg16l2	Atg2a	Atg2b	Atg4b	Atg7	Atn1	Atxn7	Atxn7l1	Avil	Avl9	Axin1	Axin2	B630005N14Rik	Bach1	Bag6	Baiap2	Bap1	Baz2a	BC018507	Bcat2	Bcl10	Bcl7a	Bcor	Bcorl1	Bend3	Bicd2	Boll	Bpnt1	Bptf	Braf	Brd1	Brd4	Brpf1	Brpf3	Bsdc1	Btbd11	Btbd7	Btg3	Bzw2	C330006D17Rik	C530005A16Rik	Cabin1	Camk1d	Camsap2	Camta1	Card11	Casc3	Casz1	Cbfa2t2-ps1	Cblb	Cbll1	Cbx4	Ccdc117	Ccdc171	Ccdc6	Ccdc64	Ccdc88c	Ccnk	Ccnt1	Ccpg1	Cdadc1	Cdip1	Cdk11b	Cdkn1b	Cep120	Cers6	Chd1	Chd2	Chd6	Chd7	Chd8	Chmp7	Chrne	Cic	Clcn1	Clcn6	Clint1	Cluh	Cmah	Cnst	Cog3	Coil	Coro6	Cpeb2	Cpsf1	Cpsf4	Cramp1l	Crbn	Crebbp	Crebrf	Crem	Crlf3	Crtc2	Csnk1d	Csnk1e	Ctdp1	Cwc25	Cyp2d22	Daam1	Dapl1	Dcaf5	Dclre1c	Dcp1a	Ddx23	Ddx27	Ddx39b	Ddx47	Ddx51	Deaf1	Dennd4a	Dgcr14	Dgkd	Dhx38	Dhx40	Dhx8	Dido1	Diexf	Dip2b	Dnajb12	Dnajb6	Dnajc5	Dnajc6	Dnm2	Dock4	Dopey2	Dot1l	Dtx2	Dusp10	Dusp8	Dync1h1	Dync1li2	Dyrk2	Edc4	Eif2ak3	Eif4g3	Elf2	Elk4	Ell	Elmo1	Elmsan1	Ep400	Epb4.1l1	Epc1	Epc2	Eps15l1	Ercc3	Ercc6	Erf	Esr1	Ets2	Etv3	Exosc10	Eya3	Faah	Fam134c	Fam13b	Fam160b1	Fam193a	Fam222a	Fam65a	Fam69a	Fam83e	Fbxl12	Fbxl3	Fbxo21	Fbxo32	Fbxo34	Fbxo38	Fbxo42	Fchsd1	Fnbp4	Fosl2	Foxj2	Foxj3	Foxk1	Foxo3	Foxp1	Frat2	Frs2	Fth-ps2	Fus	Fxr2	Fyb	Fzd5	G3bp2	Gak	Galnt6	Gch1	Gcnt7	Gfod2	Gigyf1	Gigyf2	Gimap6	Git2	Glis3	Gltscr1	Gm10051	Gm10059	Gm10071	Gm10126	Gm10136	Gm10166	Gm10231	Gm10237	Gm10240	Gm10269	Gm10335	Gm10463	Gm10499	Gm10689	Gm10712	Gm10913	Gm11353	Gm11405	Gm11442	Gm11449	Gm11472	Gm11488	Gm11517	Gm11539	Gm11932	Gm11942	Gm11978	Gm12013	Gm12263	Gm12345	Gm12474	Gm12577	Gm12630	Gm12704	Gm12737	Gm12764	Gm12821	Gm12928	Gm12943	Gm12990	Gm12992	Gm13039	Gm13162	Gm13192	Gm13268	Gm13294	Gm13410	Gm13435	Gm13477	Gm13573	Gm13604	Gm13623	Gm13653	Gm13845	Gm13961	Gm13981	Gm14044	Gm14165	Gm14323	Gm14407	Gm14639	Gm15198	Gm15204	Gm15464	Gm15472	Gm15483	Gm15493	Gm15503	Gm15531	Gm15575	Gm15590	Gm15682	Gm15710	Gm15793	Gm15800	Gm15921	Gm16020	Gm16093	Gm16425	Gm16565	Gm16581	Gm17092	Gm17111	Gm17296	Gm17414	Gm17509	Gm17705	Gm1826	Gm1862	Gm19684	Gm20900	Gm22345	Gm2245	Gm22716	Gm23346	Gm25492	Gm25965	Gm26035	Gm3362	Gm340	Gm3436	Gm3550	Gm4613	Gm4835	Gm4987	Gm5093	Gm5121	Gm5265	Gm5321	Gm5453	Gm5564	Gm5687	Gm5871	Gm5879	Gm5898	Gm5939	Gm6030	Gm6034	Gm6055	Gm6088	Gm6155	Gm6285	Gm6305	Gm6341	Gm6404	Gm6695	Gm7079	Gm7334	Gm7353	Gm7418	Gm7457	Gm7589	Gm7808	Gm7866	Gm8129	Gm8250	Gm8261	Gm8618	Gm8623	Gm9396	Gm9574	Gm9855	Gm9889	Golga2	Golga4	Got1	Gpatch2l	Gpatch8	Gpcpd1	Gpr132	Gpsm1	Gramd1a	Gramd3	Grap2	Gse1	Gtf3c1	Gypc	H2-Q1	H2-Q10	Hbp1	Hdac4	Hdac4	Hdac5	Heatr5a	Heca	Helz	Hic2	Hid1	Hif1an	Hivep1	Hmgxb3	Hnrnpl	Hnrpdl	Hs3st3b1	Hsf1	Hspa1a	Hspa1b	Hus1b	Ifngr2	Ikbkb	Ikzf5	Il17ra	Il21r	Ilf3	Inadl	Ing3	Ino80	Inpp1	Inpp5d	Ip6k1	Itk	Itpkb	Itprip	Jakmip1	Jhdm1d	Jmy	Kansl3	Kat2b-ps	Kat6a	Kat6b	Kbtbd2	Kcnip2	Kcnj9	Kctd10	Kctd13	Kdm2b	Kdm4b	Kdm5b	Kdm5c	Kdm6a	Kdsr	Kif13b	Kif1b	Kif21b	Klf13	Klf7	Klhdc4	Klhl11	Klhl18	Klhl21	Klhl24	Klhl28	Kpna1	Kras	Kremen1	L3mbtl2	Lats2	Lcor	Ldlrap1	Lef1	Lemd3	Leng8	Lmbr1l	Lmbrd1	Lmtk2	Lphn2	Lrig1	Lrpap1	Lrrc8d	Lrrfip1	Lsg1	Luc7l	Lysmd3	Lzts3	Mad1l1	Maml1	Man2a2	Man2c1	Map2k7	Map3k1	Map3k14	Map3k2	Map3k3	Map3k9	3-Feb	Mark2	Mbp	Mbtps1	Mcm3ap	Mdn1	Med13l	Med23	Med26	Mef2d	Mfhas1	Mia3	Micall1	Mir194-1	Mir26b	Mkl1	Mll1	Mll2	Mll3	Mll5	Mms19	Mnt	Mon2	Mtmr10	Mtmr12	Mtss1	Mybpc3	Myh9	Mynn	Myo9b	Nap1l5	Napa	Nckap5l	Ncoa1	Ncoa2	Ncoa6	Ncor1	Ndel1	Ndor1	Neil1	Neurl3	Nfe2l2	Nfkbid	Nfrkb	Nfyc	Nipbl	Nktr	Nptx1	Nr1d2	Nr3c1	Nr4a3	Nrxn2	Nsun4	Nsun4	Nub1	Numa1	Numb	Nup153	Nup214	Nup98	Nxf1	Oplah	Otud1	Pag1	Palm3	Pank4	Papln	Patz1	Pced1b	Pcnt	Pcnx	Pcsk7	Pde4b	Pde4d	Pde4d	Pdzd2	Per1	Per2	Pgap1	Pgm2l1	Phf12	Phf13	Phf2	Phf3	Phlpp1	Phrf1	Pias1	Pik3r5	Pip5k1a	Pisd-ps2	Pitpnc1	Pja1	Plcg1	Plcxd2	Plekha6	Plekhg6	Plekhm1	Pnpla8	Pnrc1	Podn	Polg	Polg2	Por	Pou2f1	Pou6f1	Ppard	Ppfia1	Ppfia4	Ppil4	Ppm1a	Ppm1h	Ppp1r12b	Ppp1r12c	Ppp1r13b	Ppp1r37	Ppp2r2a	Pprc1	Prcc	Prdm10	Prdm2	Prdx6	Prex1	Prkce	Proser1	Prpf38b	Prr14	Prrc2b	Prrc2c	Ptar1	Ptbp2	Ptk2b	Ptp4a1	Ptpn23	Pum1	Qrich1	Rab40b	Ramp3	Ranbp10	Rapgef2	Rasa3	Rassf3	Raver2	Rbm14	Rbm15	Rbm19	Rbm33	Rbm39	Rc3h1	Rexo1	Rfx3	Rgl1	Rhobtb2	Rictor	Rlf	Rn7sk	Rnf145	Rnf146	Rnf185	Rnf2	Rnf40	Rnf44	RP23-404J7.2	RP23-61D6.4	Rph3al	Rpl10-ps6	Rpl13-ps3	Rpl17-ps1	Rpl17-ps4	Rpl18-ps1	Rpl21-ps14	Rpl21-ps3	Rpl21-ps4	Rpl21-ps7	Rpl21-ps8	Rpl27-ps3	Rpl27a-ps1	Rpl28-ps3	Rpl30-ps1	Rpl30-ps10	Rpl31	Rpl31-ps10	Rpl31-ps12	Rpl31-ps13	Rpl31-ps17	Rpl31-ps9	Rpl35a-ps6	Rpl36-ps3	Rpl36a-ps3	Rpl38-ps1	Rpl5-ps1	Rpl7a-ps10	Rpl7a-ps12	Rpl7a-ps3	Rps11-ps1	Rps11-ps2	Rps11-ps3	Rps11-ps4	Rps12-ps10	Rps12-ps19	Rps13-ps4	Rps15-ps2	Rps15a-ps1	Rps15a-ps2	Rps15a-ps3	Rps19-ps3	Rps19-ps8	Rps23	Rps29	Rps6-ps1	Rps6-ps3	Rptor	Rras2	Rrbp1	Rreb1	Rrp1	Rrp12	Rrp7a	Rsbn1	Rsbn1l	Rsf1	Rtn4rl1	Rundc3b	S1pr1	Safb	Safb2	Samd4b	Samd8	Sart1	Sart3	Sbds	Scaf4	Scaf8	Scfd2	Scmh1	Scml4	Scyl3	Sec16a	Sec24c	Secisbp2	Sertad2	Setd1a	Setd1b	Sf1	Sfmbt1	Sfmbt2	Sfpq	Sfswap	Sgms1	Sh2d2a	Sh2d4b	Sh3pxd2a	Sidt2	Sik2	Sik3	Sipa1l1	Ski	Skil	Slc12a7	Slc16a5	Slc23a2	Slc25a25	Slc30a7	Slc35e2	Slc35f6	Slc38a10	Slc38a2	Slc3a2	Slc7a1	Slk	Slu7	Smad3	Smad4	Smad7	Smarca2	Smarca4	Smg5	Smurf1	Snord100	Snord35b	Snord37	Snord83b	Sntb1	Snx18	Snx29	Sos1	Spag4	Spag9	Spata13	Specc1l	Spon1	Sprtn	Sptbn1	Srfbp1	Srrm1	Srrm2	Srsf4	Ss18	Ss18l1	Ssfa2	Ssh2	Stat5a	Stat5b	Stau1	Strip1	Strn4	Stx5a	Supt5	Supt6	Svil	Syne1	Syne1	Tacc1	Taf3	Taf4b	Taf8	Tanc1	Tatdn2	Tbc1d1	Tbc1d17	Tbc1d25	Tbc1d30	Tbk1	Tbrg4	Tcf20	Tcf25	Tcof1	Tcp11l2	Terf2	Tet3	Tex2	Tfip11	Tgfbr2	Tgif1	Tinf2	Tjap1	Tle4	Tlk2	Tmem189	Tmem57	Tmem63a	Tmem64	Tnfrsf10b	Tnfrsf1a	Tnik	Tnip1	Tnrc6a	Tnrc6b	Tnrc6c	Tob2	Tob2	Tom1	Tomm34	Top3a	Tpt1-ps6	Traf3ip2	Traj18	Traj22	Traj24	Trak1	Trappc12	Trim11	Trim13	Trim25	Trio	Trit1	Trmt61b	Trp53bp2	Tsc1	Tsc22d2	Tshz1	Tspyl1	Ttc7	Tubb2a	Txndc11	Txnrd3	Ubap1	Ubap2	Ubash3a	Ube2i	Ube2o	Ubn1	Ubr2	Ubr4	Ulk1	Unc45a	Upf1	Urb1	Usp10	Usp12	Usp19	Usp2	Usp36	Usp42	Usp53	Utp14b	Utrn	Vamp2	Vamp4	Vgll4	Vipr1	Vps37b	Wac	Wasf2	Wasl	Wbp1l	Wdr48	Wdr70	Whamm	Wipf2	Wipi2	Wwox	Xylt1	Ylpm1	Ythdc1	Ythdf3	Zbtb2	Zbtb21	Zbtb4	Zbtb43	Zbtb49	Zc3h13	Zc3h18	Zc3hav1	Zcchc11	Zcchc2	Zcchc8	Zdhhc14	Zdhhc18	Zdhhc9	Zeb1	Zer1	Zfand2a	Zfat	Zfp112	Zfp142	Zfp180	Zfp212	Zfp259	Zfp281	Zfp292	Zfp326	Zfp341	Zfp407	Zfp592	Zfp64	Zfp644	Zfp652	Zfp687	Zfp710	Zfp874b	Zfyve26	Zhx2	Zhx3	Znf512b	Znrf3	Zranb1	Zscan10	Zscan18	Zscan25	Zswim4	Zswim6	Zxdc	Zzef1
Stubbington Mus Treg	mTreg	Mus Treg	"Stubbington MJ, Mahata B, Svensson V, Deonarine A, Nissen JK, Betz AG, Teichmann SA. An atlas of mouse CD4(+) T cell transcriptomes. Biol Direct. 2015 Apr 3;10:14. doi: 10.1186/s13062-015-0045-x. PMID: 25886751; PMCID: PMC4384382."	1700084C06Rik	2310050B05Rik	2610307P16Rik	2900002K06Rik	4930524L23Rik	8430427H17Rik	A230050P20Rik	A330017A19Rik	Abcb1a	AC108401.1	AC119917.1	AC124461.1	AC142191.1	AC148981.1	Actg2	AI504432	AI836003	Alpl	Ankrd55	Ankrd6	Apobec1	Arc	Arhgap20	Arhgap23	Arhgef26	Arhgef28	Arhgef5	Arl4d	Arl5c	Atf3	Atf4	Atf6b	Atf7ip	Atf7ip	Bahcc1	BC005764	BC026585	Bicd1	Bsn	C1ql3	C2cd4b	C78197	Camk2a	Ccdc11	Ccdc146	Cd22	Cd226	Cd68	Cd69	Cd7	Cd74	Cd79b	Cdcp1	Cdhr3	Cecr5	Cfd	Chadl	Chdh	Chrnb2	Ciita	Clec2d	Col16a1	Colq	Coro2a	Coro2b	CT010433.2	Cxcl10	Cyp4f13	Cyth4	D430019H16Rik	Dab2ip	Ddx49	Dnahc7a	Dnmt3l-ps1	Dusp1	E130208F15Rik	Eef2k	Epb4.9	Ephx1	Exoc7	Fads6	Fah	Fam117a	Fam184b	Fam43a	Fam73b	Fbxl4	Fmnl3	Folr4	Fos	Fosb	Foxp3	Gadd45b	Gas7	Gla	Gm129	Gm12981	Gm13707	Gm13807	Gm14230	Gm15564	Gm17024	Gm17173	Gm22077	Gm22748	Gm23130	Gm23969	Gm24119	Gm25835	Gm3695	Gm3739	Gm9311	Gnb1l	Gpr157	Gpr83	Gramd1b	Grik5	Gucy1a3	Gyltl1b	H2-Aa	H2-Eb1	H2-K2	Hdac11	Hdac3	Hes1	Hgfac	Hk3	Hspa5	Hspg2	Ift80	Ighj1	Ighm	Igj	Ikzf2	Il15ra	Il9r	Inpp5f	Irak2	Irf1	Itga9	Itgax	Ivd	Kcnh2	Kcnip3	Kif13a	Kif19a	Klf11	Ksr1	Lad1	Lclat1	Lrch4	Lrrc61	Lyl1	Mamstr	Mapk11	Mapk12	Mllt6	Ms4a4c	Mx2	Myo1e	Naip6	Nfkbia	Nfkbiz	Nod1	Nr1d1	Nrg2	Oas1a	Padi6	Pdgfrb	Pear1	Phka1	Pla2g4b	Plagl1	Plb1	Plekhg1	Plk2	Plxdc1	Plxna3	Plxnb2	Ppp1r1a	Prodh	Prss2	Psd2	Ptrf	Pvrl1	Pvrl2	R74862	Radil	Ralgds	Rapgef3	Rbks	Rbpms	Rhob	Rhot2	Rln3	Rnd1	Rnf43	Rps6kc1	S100a4	Samsn1	Serinc2	Sh3tc1	Slc14a1	Slc22a5	Slc25a53	Slc35d1	Slc45a3	Snord58b	Socs5	Spns3	Spock2	Sptb	Ssh1	Sspo	St6galnac3	Stab2	Stac3	Stra6	Susd4	Syne4	Taf15	Tagap	Tmem8	Tmem88	Tnf	Tnfrsf11a	Tns3	Tpcn1	Traf2	Trbv12-1	Trbv12-2	Trib1	Trim14	Trpm1	Trpv4	Tspan32	Ttc36	Ttll10	Ttn	Tyk2	Ube2l6	Uckl1	Usp11	Vav2	Vill	Vsig10	Vwa7	Wdr66	Whrn	Wls	Xkr6	Zan	Zbtb46	Zfp36	Zfp57	Zfp704	Zfp827																																																																																																																																																																																																																																																																																																																																																																																																																																																																																																																																																																																																																																																																																																																																																																											
Stubbington Mus Th1	mTh1	Mus Th1 	"Stubbington MJ, Mahata B, Svensson V, Deonarine A, Nissen JK, Betz AG, Teichmann SA. An atlas of mouse CD4(+) T cell transcriptomes. Biol Direct. 2015 Apr 3;10:14. doi: 10.1186/s13062-015-0045-x. PMID: 25886751; PMCID: PMC4384382."	1500009L16Rik	1700025G04Rik	2610020H08Rik	4933430I17Rik	a	A530040E14Rik	AA467197	Aagab	Abhd17b	Abhd4	AC134826.1	AC157213.1	Acadl	Agfg2	Ahcy	Aldh5a1	Anxa2	Apold1	Arhgap18	Arhgef25	Arl5a	Arsb	Asns	Atp2b1	AW112010	B430306N03Rik	BC068157	Brdt	C920025E04Rik	Cab39	Cacna1h	Ccdc102a	Ccdc136	Ccr5	Cdkn2a	Cdkn2b	Cebpd	Chst11	Chsy1	Clic4	Cmas	Cpm	Csf1	Cxcr6	Cyb5r4	Cyp4f39	Cyp51	Dap	Dcun1d3	Dhcr7	Dnajc15	Dnm1	Dpysl2	Edem1	Efr3a	Elovl5	Elovl6	Emilin2	Epsti1	Espn	Etv5	Exoc6	Fam132a	Fasl	Fbln1	Fdft1	Fdps	Fggy	Filip1	Fkbp5	Flt4	Furin	Fxyd1	Fxyd5	Fxyd7	Gab3	Gadd45g	Galns	Galnt7	Gbe1	Gbp2	Gbp3	Gbp7	Gimap4	Gm12250	Gm4737	Gm4841	Gnaq	Gnb5	Gng2	Gpld1	Gpnmb	Gstm4	Gtf2i	Gyg	H2-T22	H2afy	Hectd1	Hexb	Hif1a	Hk1	Hlx	Hmgcr	Hmgcs1	Hopx	Hpse	Hspb6	Ifi204	Ifi44	Ifit2	Ifitm1	Ifitm2	Ifitm3	Ifng	Ifngr1	Igf2bp2	Il12rb2	Il18r1	Il18rap	Il34	Iqgap1	Irgm2	Itgb5	Itih5	Kcnab3	Kcnj8	Kif9	Klhl25	Klrc1	Lbr	Lca5	Ldlr	Lipa	Lnpep	Lrp12	Lrrc27	Lrrc8c	Lsr	Lss	Ly6c1	Ly6c2	Lysmd2	Man1a	Map2k5	Map3k5	Map3k8	Map6	Mapk3	Mbnl1	Mgarp	Morn4	Mxd1	Myadm	Myd88	Myl10	Nabp1	Nacc2	Ndnf	Ngly1	Nid2	Nlrp1a	Nono	Noxred1	Onecut2	Osbpl8	P2rx3	P2ry14	P4ha2	Padi2	Pak6	Palm	Pgm2	Phf11b	Picalm	Pik3ap1	Pim2	Plac8	Plcl2	Pld2	Pml	Ppp1r12a	Ppp1r3b	Prelid2	Prnp	Prss16	Prss57	Pten	Ptger3	Pygl	Qars	Rab31	Rassf4	Rdh11	Rell1	Rer1	Rgag4	RP23-285C18.2	Rufy4	Sc4mol	Scd1	Scd2	Scly	Sdc3	Sema3f	2-Aug	Serpinb6a	Serpine2	Slamf7	Slc7a5	Sntb2	Snx9	Sord	Sp140	Sptbn2	Ssr1	Ssrp1	St3gal4	Stard4	Ston2	Syngap1	Sytl3	Tagln2	Tap1	Tbkbp1	Tbx21	Tgtp1	Tgtp2	Themis	Tifab	Tm6sf1	Tmem106a	Tmem159	Tmem180	Tmem30a	Tmem71	Tmod2	Tmod3	Tns1	Tns4	Tpi1	Trim34a	Trim46	Trim5	Tspan3	Tuba1a	Tuba1b	Tuba1c	Tubb5	Ube2h	Uck2	Uck2	Uhrf1bp1l	Ulbp1	Unc119b	Wdr78	Xcr1	Xdh	Xkr5	Yipf4																																																																																																																																																																																																																																																																																																																																																																																																																																																																																																																																																																																																																																																																																																																																																																									
Stubbington Mus Th2	mTh2	Mus Th2	"Stubbington MJ, Mahata B, Svensson V, Deonarine A, Nissen JK, Betz AG, Teichmann SA. An atlas of mouse CD4(+) T cell transcriptomes. Biol Direct. 2015 Apr 3;10:14. doi: 10.1186/s13062-015-0045-x. PMID: 25886751; PMCID: PMC4384382."	4930453N24Rik	6430571L13Rik	Abhd14b	Acat3	Acot11	Adamtsl3	Adamtsl4	Adc	Adk	AI467606	AI854703	Ak2	Akr1c12	Akr1c13	Arl6ip5	Atf5	Atp1b3	Atp2a3	AW549877	B3galt5	Batf	Bbs9	Bcam	Bmp7	Cacna1c	Calcrl	Cnr2	Col6a2	Coro7	Cpeb1	Cst7	Ctage5	Ctse	Cyp4f16	Dok2	Ecm1	Emilin1	Eml1	Epas1	Epha2	Fam46a	Fbxo17	Fbxo27	Fcgrt	Focad	Gata3	Glipr2	Gm5127	Gm973	Gna15	Gpm6b	Hc	Hpgds	Hs1bp3	Hunk	Icosl	Ifi30	Il4	Il4ra	Itga7	Itgb3	Klk8	Kremen2	Krt18	Lgmn	Lhfp	Limd1	Lpcat4	Lrrc33	Man2b1	Map2	Mapre2	Mboat1	Mctp1	Micall2	mt-Cytb	mt-Nd1	mt-Rnr1	mt-Rnr2	mt-Tp	Mta2	Myo6	Nfil3	Nfx1	Oit3	P2rx7	Paxbp1	Phldb1	Plin3	Plxna1	Pmm2	Ppp2r3a	Ppp2r5a	Ppp3cc	Prkcz	Pros1	Ptgir	Rab19	Rab3a	Rap1b	Rapsn	Rasgrp4	Rnf19b	Rpl30	Sema4f	Sepp1	Sft2d2	Sgsh	Slc35c2	Slc37a3	Slc39a6	Slc41a2	Slc4a4	Slc4a7	Slc9a6	Slco4a1	Slfn2	Snora20	St8sia4	Sv2c	Tanc2	Tep1	Tmem41b	Tnfsf13b	Trat1	Ubl3	Unc80	Wdfy2	Wfikkn2	Wtap	Xpc	Zfp280b																																																																																																																																																																																																																																																																																																																																																																																																																																																																																																																																																																																																																																																																																																																																																																																																																																																																																																								
Stubbington Mus Th17	mTh17	Mus Th17	"Stubbington MJ, Mahata B, Svensson V, Deonarine A, Nissen JK, Betz AG, Teichmann SA. An atlas of mouse CD4(+) T cell transcriptomes. Biol Direct. 2015 Apr 3;10:14. doi: 10.1186/s13062-015-0045-x. PMID: 25886751; PMCID: PMC4384382."	0610009D07Rik	1810022K09Rik	2700081O15Rik	2900011O08Rik	2900052L18Rik	4632434I11Rik	A730081D07Rik	Abat	Abca5	Abi3	AC117663.1	AC130841.1	Adal	Adam19	Adamtsl5	Adarb1	Adcy4	Ahr	Ahrr	Ahsa2	Aida	Akap1	Ankrd34b	Aplp2	Arhgef19	Armcx4	Armcx6	Asic3	Atp2a2	Atp6v0d2	Atxn10	B230120H23Rik	B3galnt2	BC030499	Bcl2a1d	Bhlhb9	Brix1	Camkk2	Capsl	Car12	Car13	Car5b	Ccdc112	Ccdc137	Ccdc41	Ccdc58	Ccne2	Ccp110	Cct6a	Cd24a	Cdc42bpa	Cdc42bpb	Cdh10	Cdk6	Cdkl3	Cep170	Cep290	Chek1	Cldn25	Cpd	Cpox	Cpsf2	Crispld2	Cse1l	Ctla2b	Ctps	Ctsc	Cubn	Cul1	Cyp1b1	D930048N14Rik	Ddx1	Dek	Dennd2c	Dgcr8	Dhfr	Dhx29	Dis3	Dlg2	Dna2	Dnttip2	Dock3	Dsel	Dst	Dtl	Dyrk4	Ehd4	Eif2b3	Emp1	Enpp2	Eogt	Exo1	Ezh2	Fabp5	Fam131b	Fam217b	Fam57a	Fam98a	Fanca	Fancm	Farp2	Farsb	Fastkd3	Fer1l6	Fignl1	Fktn	Fnbp1l	Fnip2	Frmd6	Fubp1	Gad2	Gatm	Gcnt2	Gemin6	Gfpt2	Glce	Gls2	Gm11648	Gm25663	Gm26394	Gm6166	Gmfb	Gnl3	Golm1	Gpr15	Hells	Hist1h2af	Hn1l	Hnrnpa2b1	Hnrnpr	Hnrnpr	Hspa9	Hspd1	Hsph1	Il17a	Il17f	Il2	Il21	Il2ra	Inhba	Ipo5	Irf4	Itpa	Jrkl	Katnbl1	Kdelc1	Kif3b	Kif5c	Knop1	Lbp	Lgr4	Lig1	Lpxn	Lrp1	Lrrc59	Lyar	Mak16	Malt1	Mat2a	Mcm10	Mcm3	Mcm8	Mlf1ip	Mphosph10	Mphosph6	Myh11	Myo3b	Myo5a	N4bp1	Naa15	Naa16	Nasp	Ncbp2	Nckap1	Ncs1	Ndufb4	Neu3	Nexn	Nfxl1	Noc3l	Nsf	Nudcd1	Nudt5	Nup133	Nup155	Nup85	Nup93	Nynrin	Orc1	Orc6	Osgin2	Pak1ip1	Palb2	Paqr8	Pax6	Pfas	Pgf	Pkhd1l1	Plagl2	Plod2	Pole	Pole3	Polr3g	Ppat	Ppid	Ppp1r14c	Ppp2r1b	Prim1	Prkci	Prkrir	Prps1	Prr5l	Psme3	Ptgfrn	Pus7	Rad1	Rad51ap1	Rbbp8	Rbmx2	Rdx	Rexo4	Rhot1	Rin2	Rnaseh2b	Rnmt	Rora	RP23-32L5.4	Scarna10	Scn4b	7-Aug	Serpine1	Sgk1	Sh3pxd2b	Shmt1	Skp2	Slc12a2	Slc19a2	Slc25a13	Slc39a1	Slc39a14	Slc43a3	Slc44a1	Slc4a8	Slc7a6	Slc9a5	Slmo2	Smarcc1	Smim3	Snhg5	Ssx2ip	St13	Stk35	Stx12	Stxbp4	Syn1	Taf2	Tbc1d24	Tdrkh	Tfap2a	Tfrc	Tgm2	Tgs1	Ticrr	Timm21	Timp1	Tln2	Tmtc2	Tmtc3	Tnfrsf13b	Tnip2	Tpbg	Traf6	Trappc13	Trim37	Trim9	Tspan6	Txlna	Ube2q2	Uchl5	Usp46	Usp49	Vmp1	Wdfy4	Wdhd1	Wdr75	Xrcc2	Zbtb18	Zc3h12d	Zfp101	Zfp667	Zfp9	Zik1	Zwilch	Zwint																																																																																																																																																																																																																																																																																																																																																																																																																																																																																																																																																																																																																																																																																																																																						
Stubbington Mus Naive	miTreg	Mus induced Treg	"Stubbington MJ, Mahata B, Svensson V, Deonarine A, Nissen JK, Betz AG, Teichmann SA. An atlas of mouse CD4(+) T cell transcriptomes. Biol Direct. 2015 Apr 3;10:14. doi: 10.1186/s13062-015-0045-x. PMID: 25886751; PMCID: PMC4384382."	0610012G03Rik	0610031J06Rik	1110001A16Rik	1110004E09Rik	1110007C09Rik	1110008F13Rik	1110008P14Rik	1110032F04Rik	1110038F14Rik	1110065P20Rik	1500012F01Rik	1700011J10Rik	1700037H04Rik	1810043H04Rik	2210013O21Rik	2210016F16Rik	2210016L21Rik	2210417K05Rik	2300009A05Rik	2310009B15Rik	2310036O22Rik	2310039H08Rik	2310061I04Rik	2410018M08Rik	2410133F24Rik	2510003E04Rik	2810001G20Rik	2810008D09Rik	2810428I15Rik	3110040N11Rik	3110062M04Rik	4632415L05Rik	4930524J08Rik	5330438D12Rik	5430421N21Rik	6330403K07Rik	9130206I24Rik	9130401M01Rik	9630013D21Rik	A430093F15Rik	Aamdc	Aarsd1	Abhd12	Abhd17a	AC134910.1	AC159256.1	AC171206.1	Acot13	Acsl6	Actr3b	Acvr2b	Adamts4	Adh1	Adprhl2	Adsl	Agbl3	AI413582	Ak5	Akip1	Akirin2	Akr1c18	Akr7a5	Akt1s1	Aldh16a1	Aldh2	Alkbh7	Als2	Alyref	Amdhd2	Amica1	Amot	Anapc16	Angptl4	Ankra2	Ankrd54	Ankrd9	Ap2s1	Ap5s1	Apoa1bp	Apopt1	Arhgap9	Arl16	Arl2	Arl6ip4	Arpc5l	Arvcf	Asf1a	Asl	Atp1b1	Atp5d	Atp5g3	Atp5j	Atp6v0b	AU022252	Aven	B3gnt1	B630019K06Rik	B9d2	Bag1	Basp1	BC003965	BC051226	Bcas2	Bcl7c	Bend5	Bin1	Bloc1s3	Bloc1s4	Bod1	Bola1	Bola3	Brd3	Brk1	Btbd6	Btd	C1qbp	Cacna1a	Calhm2	Capg	Capn3	Capns1	Casp6	Ccdc107	Ccdc28a	Ccdc86	Ccdc90b	Ccnh	Ccr6	Ccr8	Cd320	Cd5	Cd72	Cd9	Cdc34	Ceacam1	Cep78	Cerk	Cfl2	Chchd1	Chchd10	Chchd6	Chic2	Chpf	Cib2	Cited4	Ckap4	Cldn7	Clta	Cmtm7	Cnbd2	Cnpy2	Cog4	Col1a2	Commd3	Commd5	Commd7	Comt	Cope	Cops6	Coq10a	Coq2	Cotl1	Cox20	Cox4i1	Cox5a	Cox7c	Cox8a	Cpq	Crabp2	Creg1	Crls1	Crtap	Cryl1	Csad	Csnk2a2	Cst6	Cstb	Ctnnbip1	Ctsw	Ctu1	Ctxn1	Cux1	Cxx1c	Cyc1	Cystm1	D10Jhu81e	Dact3	Dapk3	Dbp	Dctpp1	Dcun1d5	Ddt	Deb1	Derl3	Dexi	Dffb	Dgcr6	Dguok	Dhrs4	Dnajc19	Dnajc24	Dnajc9	Dnlz	Dnmt3b	Dohh	Dolk	Dsp	Dus1l	Dusp28	Dyrk1b	Dyx1c1	E2f4	Eci1	Edf1	Eef1e1	Egr2	Eid2	Eif2b4	Eif3d	Eif6	Elof1	Elp6	Emc4	Emc6	Emc9	Engase	Etfb	Exosc3	Exosc4	Exosc5	F8a	Fahd1	Faim	Fam109a	Fam122a	Fam131a	Fam172a	Fam174a	Fam194a	Fam203a	Fam207a	Fam50a	Fam83g	Fance	Fbxl15	Fbxo2	Fbxo25	Fdx1	Fdxr	Fen1	Fgfbp3	Fhl2	Fnta	Fpgs	Frmd8	Frs3	Gadd45gip1	Gar1	Gclm	Gde1	Gemin7	Gipc1	Glcci1	Glrx2	Glrx5	Gm10080	Gm11423	Gm11579	Gm11836	Gm12501	Gm13015	Gm13077	Gm14480	Gm15545	Gm15674	Gm17080	Gm17641	Gm20522	Gm527	Gm5617	Gm6023	Gm6578	Gm8805	Gm9828	Gna12	Gnas	Gng10	Gng11	Gpaa1	Gpx1	Grcc10	Grk4	Gsg2	Gtf2h4	Gtf3a	Gtl3	Guk1	H13	H1fx	H2afv	Habp4	Hagh	Hbegf	Hes6	Hmg20b	Hnrnpab	Hras1	Hrsp12	Hspbp1	Hyal2	Iah1	Ict1	Id1	Id3	Idh3b	Ift122	Igfbp7	Il17d	Imp3	Irf5	Irf8	Isyna1	Itgae	Itm2a	Itpka	Jtb	Jup	Kat8	Kazald1	Kcnk6	Kcnn4	Kctd2	Kifc3	Klc3	Klc4	Klhdc8b	Klhl2	Krt10	Lactb	Lamb1	Lancl1	Lat	Ldb1	Ldlrad4	Lepre1	Leprel4	Lhx2	Limd2	Lonp1	Lrp11	Lsm2	Lsm4	Lsmd1	Lzts2	Mad2l2	Maged2	Magohb	Malsu1	Map2k2	Map2k3	Feb-98	Marcks	Marcksl1	Mark3	Mcee	Mcur1	Med30	Med7	Metrn	Mettl1	Mettl20	Mex3d	Mfsd11	Minos1	Mmd	Mmp11	Mnat1	Mnf1	Mocs3	Mogs	Mpc2	Mpg	Mpv17l2	Mrpl11	Mrpl12	Mrpl14	Mrpl15	Mrpl17	Mrpl2	Mrpl20	Mrpl21	Mrpl3	Mrpl34	Mrpl36	Mrpl43	Mrpl52	Mrpl54	Mrpl9	Mrps11	Mrps15	Mrps24	Mrps28	Mrps34	Mrps35	Mrps7	Mrps9	Msl1	Msrb1	Msto1	mt-Tc	Mtch1	Mtx2	Mzt2	N6amt2	Naa10	Nans	Napb	Nav1	Ndfip2	Ndnl2	Ndrg4	Ndufa10	Ndufa11	Ndufa2	Ndufa6	Ndufaf3	Ndufaf6	Ndufb6	Ndufb8	Ndufc2	Ndufs2	Ndufs3	Ndufv1	Nek8	Nenf	Nfix	Nfkbil1	Ngrn	Nhp2	Ninj1	Nit1	Nme2	Noa1	Nol12	Nol7	Nop10	Nr2f6	Nrgn	Nrtn	Nsmce4a	Nt5e	Nt5m	Ntan1	Ntmt1	Ntn5	Nubp1	Nubpl	Nudt1	Nudt16	Nudt16l1	Nudt22	Nudt8	Nupr1	Nyx	Ocel1	Ocln	Ogfrl1	Ormdl2	Pabpn1	Pagr1a	Pard6g	Pate2	Pcbd2	Pcbp3	Pcgf2	Pdcd1	Pdcd2l	Pdcd5	Pde4a	Pde6d	Pdgfb	Pdha1	Pdk2	Pdxp	Pdzd7	Pelo	Pet100	Pex13	Pex6	Pgls	Pgp	Phb2	Phc2	Phldb3	Phpt1	Pid1	Pigyl	Pin1	Pithd1	Pkmyt1	Pla2g16	Plekho1	Plscr3	Pmepa1	Pno1	Poldip2	Polr1c	Polr2f	Polr2i	Polr2m	Pop5	Pou2f2	Ppa2	Ppic	Ppie	Ppm1d	Ppm1m	Prkag2	Prrg2	Psma7	Psmb6	Psmb8	Psmc4	Psmc5	Psme1	Psmg1	Psmg3	Psmg4	Pstk	Ptdss2	Ptges2	Ptms	Ptov1	Ptpmt1	Ptprcap	Ptrh1	Pura	Purg	Pus1	Pycard	Pycr2	R3hcc1	Rab24	Rab34	Rae1	Rala	Ralbp1	Raly	Ramp1	Rbck1	Reep5	Rfc2	Rfx2	Rfxap	Rgs10	Rilpl1	Rnaseh1	Rnaseh2c	Rnf11	Rnf113a1	Rnf149	Rnf187	Rnf208	Rnf215	Rnpep	Romo1	Rp9	Rpa2	Rpp25l	Rps8	Rtn4	Rundc3a	Sac3d1	Sap30l	Scand1	Scn1b	Sdhb	Sec1	Sec13	Sec24d	Sec31a	1-Aug	Serf2	Setd6	Sf3b5	Sft2d3	Sfxn3	Sh3gl1	Shf	Shfm1	Siglec5	Siva1	Six1	Slc17a5	Slc19a1	Slc1a5	Slc22a17	Slc25a39	Slc29a1	Slc46a1	Slc9b2	Smad6	Smap1	Smcr7	Smim19	Smim4	Smtn	Snn	Snrk	Snrnp25	Snrnp40	Snrpb	Snrpf	Snx12	Snx20	Snx3	Socs2	Sox12	Sox4	Spcs2-ps	Spin2	Spp1	Spr	Spry1	Spsb3	Sqstm1	Src	Srf	Srp19	Srsf9	Ssna1	Sssca1	St6galnac4	St7	Stoml2	Ston1	Stx4a	Stx6	Suds3	Suox	Syngr2	Syp	Sys1	Sytl1	Tada1	Taf10	Taf1a	Taf6l	Tbcc	Tbl3	Tbxa2r	Tdrd5	Ten1	Terf2ip	Tesk1	Tesk2	Tfr2	Tgfb1	Thap11	Thap4	Thnsl2	Thoc3	Thoc5	Thoc6	Timm10	Timm10b	Timm13	Timm17a	Timm50	Timm8b	Timp2	Tm2d2	Tm7sf2	Tmc8	Tmed4	Tmem134	Tmem147	Tmem165	Tmem179b	Tmem19	Tmem192	Tmem203	Tmem208	Tmem219	Tmem234	Tmem238	Tmem240	Tmem38b	Tmem39b	Tmem42	Tmem5	Tmprss3	Tmub2	Tnfrsf13c	Tnfsf11	Tomm40	Tomm40l	Tpgs1	Tppp	Tradd	Trappc4	Trbj2-5	Triap1	Trim27	Trim28	Trim45	Trp53i13	Tssc1	Tssc4	Tubb2b	Tusc3	Twf2	Twsg1	Txndc15	Txnl1	Tysnd1	Uap1	Uba52	Ubash3b	Ube2a	Ube2d1	Ube2m	Ube2r2	Ubl7	Ubxn1	Ubxn6	Ung	Upp2	Uqcr10	Uqcrc1	Uqcrq	Urod	Use1	Usp21	Vasp	Vps37d	Vrk1	Vta1	Wars	Wbp4	Wbscr22	Wdr46	Wdyhv1	Wnt10b	Xcl1	Yars2	Ybx3	Ydjc	Yeats4	Yif1b	Ypel3	Yrdc	Zbtb32	Zbtb45	Zdhhc12	Zdhhc20	Zdhhc4	Zfand5	Zfp219	Zfp358	Zfp428	Zfp444	Zfp560	Zfp579	Zfp580	Zfp637	Zfp688	Zfp706	Zfp768	Zfp771	Zfpm1	Znhit1	Znhit2	Znrf1	Zswim7																																																																																																																																																																																																																																					
